[{"model": "admin.logentry", "pk": 1, "fields": {"action_time": "2021-07-16T13:28:16.125Z", "user": 1, "content_type": 4, "object_id": "2", "object_repr": "sonorousduck", "action_flag": 2, "change_message": "[{\"changed\": {\"fields\": [\"Staff status\", \"Superuser status\"]}}]"}}, {"model": "admin.logentry", "pk": 2, "fields": {"action_time": "2021-07-16T14:08:21.115Z", "user": 2, "content_type": 7, "object_id": "5", "object_repr": "Challenge 4", "action_flag": 2, "change_message": "[{\"changed\": {\"fields\": [\"Description\", \"ChallengeSeries\"]}}]"}}, {"model": "admin.logentry", "pk": 3, "fields": {"action_time": "2021-07-19T14:38:48.760Z", "user": 2, "content_type": 10, "object_id": "1", "object_repr": " Ryan Anderson 70.59%", "action_flag": 2, "change_message": "[{\"changed\": {\"fields\": [\"First name\"]}}]"}}, {"model": "auth.permission", "pk": 1, "fields": {"name": "Can add log entry", "content_type": 1, "codename": "add_logentry"}}, {"model": "auth.permission", "pk": 2, "fields": {"name": "Can change log entry", "content_type": 1, "codename": "change_logentry"}}, {"model": "auth.permission", "pk": 3, "fields": {"name": "Can delete log entry", "content_type": 1, "codename": "delete_logentry"}}, {"model": "auth.permission", "pk": 4, "fields": {"name": "Can view log entry", "content_type": 1, "codename": "view_logentry"}}, {"model": "auth.permission", "pk": 5, "fields": {"name": "Can add permission", "content_type": 2, "codename": "add_permission"}}, {"model": "auth.permission", "pk": 6, "fields": {"name": "Can change permission", "content_type": 2, "codename": "change_permission"}}, {"model": "auth.permission", "pk": 7, "fields": {"name": "Can delete permission", "content_type": 2, "codename": "delete_permission"}}, {"model": "auth.permission", "pk": 8, "fields": {"name": "Can view permission", "content_type": 2, "codename": "view_permission"}}, {"model": "auth.permission", "pk": 9, "fields": {"name": "Can add group", "content_type": 3, "codename": "add_group"}}, {"model": "auth.permission", "pk": 10, "fields": {"name": "Can change group", "content_type": 3, "codename": "change_group"}}, {"model": "auth.permission", "pk": 11, "fields": {"name": "Can delete group", "content_type": 3, "codename": "delete_group"}}, {"model": "auth.permission", "pk": 12, "fields": {"name": "Can view group", "content_type": 3, "codename": "view_group"}}, {"model": "auth.permission", "pk": 13, "fields": {"name": "Can add user", "content_type": 4, "codename": "add_user"}}, {"model": "auth.permission", "pk": 14, "fields": {"name": "Can change user", "content_type": 4, "codename": "change_user"}}, {"model": "auth.permission", "pk": 15, "fields": {"name": "Can delete user", "content_type": 4, "codename": "delete_user"}}, {"model": "auth.permission", "pk": 16, "fields": {"name": "Can view user", "content_type": 4, "codename": "view_user"}}, {"model": "auth.permission", "pk": 17, "fields": {"name": "Can add content type", "content_type": 5, "codename": "add_contenttype"}}, {"model": "auth.permission", "pk": 18, "fields": {"name": "Can change content type", "content_type": 5, "codename": "change_contenttype"}}, {"model": "auth.permission", "pk": 19, "fields": {"name": "Can delete content type", "content_type": 5, "codename": "delete_contenttype"}}, {"model": "auth.permission", "pk": 20, "fields": {"name": "Can view content type", "content_type": 5, "codename": "view_contenttype"}}, {"model": "auth.permission", "pk": 21, "fields": {"name": "Can add session", "content_type": 6, "codename": "add_session"}}, {"model": "auth.permission", "pk": 22, "fields": {"name": "Can change session", "content_type": 6, "codename": "change_session"}}, {"model": "auth.permission", "pk": 23, "fields": {"name": "Can delete session", "content_type": 6, "codename": "delete_session"}}, {"model": "auth.permission", "pk": 24, "fields": {"name": "Can view session", "content_type": 6, "codename": "view_session"}}, {"model": "auth.permission", "pk": 25, "fields": {"name": "Can add challenge", "content_type": 7, "codename": "add_challenge"}}, {"model": "auth.permission", "pk": 26, "fields": {"name": "Can change challenge", "content_type": 7, "codename": "change_challenge"}}, {"model": "auth.permission", "pk": 27, "fields": {"name": "Can delete challenge", "content_type": 7, "codename": "delete_challenge"}}, {"model": "auth.permission", "pk": 28, "fields": {"name": "Can view challenge", "content_type": 7, "codename": "view_challenge"}}, {"model": "auth.permission", "pk": 29, "fields": {"name": "Can add hint", "content_type": 8, "codename": "add_hint"}}, {"model": "auth.permission", "pk": 30, "fields": {"name": "Can change hint", "content_type": 8, "codename": "change_hint"}}, {"model": "auth.permission", "pk": 31, "fields": {"name": "Can delete hint", "content_type": 8, "codename": "delete_hint"}}, {"model": "auth.permission", "pk": 32, "fields": {"name": "Can view hint", "content_type": 8, "codename": "view_hint"}}, {"model": "auth.permission", "pk": 33, "fields": {"name": "Can add testing", "content_type": 9, "codename": "add_testing"}}, {"model": "auth.permission", "pk": 34, "fields": {"name": "Can change testing", "content_type": 9, "codename": "change_testing"}}, {"model": "auth.permission", "pk": 35, "fields": {"name": "Can delete testing", "content_type": 9, "codename": "delete_testing"}}, {"model": "auth.permission", "pk": 36, "fields": {"name": "Can view testing", "content_type": 9, "codename": "view_testing"}}, {"model": "auth.permission", "pk": 37, "fields": {"name": "Can add custom user", "content_type": 10, "codename": "add_customuser"}}, {"model": "auth.permission", "pk": 38, "fields": {"name": "Can change custom user", "content_type": 10, "codename": "change_customuser"}}, {"model": "auth.permission", "pk": 39, "fields": {"name": "Can delete custom user", "content_type": 10, "codename": "delete_customuser"}}, {"model": "auth.permission", "pk": 40, "fields": {"name": "Can view custom user", "content_type": 10, "codename": "view_customuser"}}, {"model": "auth.permission", "pk": 41, "fields": {"name": "Can add lone wolf user", "content_type": 11, "codename": "add_lonewolfuser"}}, {"model": "auth.permission", "pk": 42, "fields": {"name": "Can change lone wolf user", "content_type": 11, "codename": "change_lonewolfuser"}}, {"model": "auth.permission", "pk": 43, "fields": {"name": "Can delete lone wolf user", "content_type": 11, "codename": "delete_lonewolfuser"}}, {"model": "auth.permission", "pk": 44, "fields": {"name": "Can view lone wolf user", "content_type": 11, "codename": "view_lonewolfuser"}}, {"model": "auth.permission", "pk": 45, "fields": {"name": "Can add fellow employee", "content_type": 12, "codename": "add_fellowemployee"}}, {"model": "auth.permission", "pk": 46, "fields": {"name": "Can change fellow employee", "content_type": 12, "codename": "change_fellowemployee"}}, {"model": "auth.permission", "pk": 47, "fields": {"name": "Can delete fellow employee", "content_type": 12, "codename": "delete_fellowemployee"}}, {"model": "auth.permission", "pk": 48, "fields": {"name": "Can view fellow employee", "content_type": 12, "codename": "view_fellowemployee"}}, {"model": "auth.permission", "pk": 49, "fields": {"name": "Can add email", "content_type": 13, "codename": "add_email"}}, {"model": "auth.permission", "pk": 50, "fields": {"name": "Can change email", "content_type": 13, "codename": "change_email"}}, {"model": "auth.permission", "pk": 51, "fields": {"name": "Can delete email", "content_type": 13, "codename": "delete_email"}}, {"model": "auth.permission", "pk": 52, "fields": {"name": "Can view email", "content_type": 13, "codename": "view_email"}}, {"model": "auth.permission", "pk": 53, "fields": {"name": "Can add achievements", "content_type": 14, "codename": "add_achievements"}}, {"model": "auth.permission", "pk": 54, "fields": {"name": "Can change achievements", "content_type": 14, "codename": "change_achievements"}}, {"model": "auth.permission", "pk": 55, "fields": {"name": "Can delete achievements", "content_type": 14, "codename": "delete_achievements"}}, {"model": "auth.permission", "pk": 56, "fields": {"name": "Can view achievements", "content_type": 14, "codename": "view_achievements"}}, {"model": "auth.permission", "pk": 57, "fields": {"name": "Can add assignment dates", "content_type": 15, "codename": "add_assignmentdates"}}, {"model": "auth.permission", "pk": 58, "fields": {"name": "Can change assignment dates", "content_type": 15, "codename": "change_assignmentdates"}}, {"model": "auth.permission", "pk": 59, "fields": {"name": "Can delete assignment dates", "content_type": 15, "codename": "delete_assignmentdates"}}, {"model": "auth.permission", "pk": 60, "fields": {"name": "Can view assignment dates", "content_type": 15, "codename": "view_assignmentdates"}}, {"model": "auth.user", "pk": 1, "fields": {"password": "pbkdf2_sha256$216000$TF7msQ6UiLE9$3M1zBGY1sSzuTZBT+g7BojJRZmiYXrFPc6JB0npFtnA=", "last_login": "2021-07-16T13:28:08.181Z", "is_superuser": true, "username": "admin", "first_name": "", "last_name": "", "email": "admin@gmial.com", "is_staff": true, "is_active": true, "date_joined": "2021-07-15T18:26:06.285Z", "groups": [], "user_permissions": []}}, {"model": "auth.user", "pk": 2, "fields": {"password": "pbkdf2_sha256$216000$i1cfiVduEIuz$LGrX09ApibqkUf+tQwmYmBbcrJ5KSxFSW9rdKs1546Y=", "last_login": "2021-07-16T13:28:18.940Z", "is_superuser": true, "username": "sonorousduck", "first_name": "Ryan", "last_name": "Anderson", "email": "sonorousduck@gmail.com", "is_staff": true, "is_active": true, "date_joined": "2021-07-15T18:26:26Z", "groups": [], "user_permissions": []}}, {"model": "contenttypes.contenttype", "pk": 1, "fields": {"app_label": "admin", "model": "logentry"}}, {"model": "contenttypes.contenttype", "pk": 2, "fields": {"app_label": "auth", "model": "permission"}}, {"model": "contenttypes.contenttype", "pk": 3, "fields": {"app_label": "auth", "model": "group"}}, {"model": "contenttypes.contenttype", "pk": 4, "fields": {"app_label": "auth", "model": "user"}}, {"model": "contenttypes.contenttype", "pk": 5, "fields": {"app_label": "contenttypes", "model": "contenttype"}}, {"model": "contenttypes.contenttype", "pk": 6, "fields": {"app_label": "sessions", "model": "session"}}, {"model": "contenttypes.contenttype", "pk": 7, "fields": {"app_label": "challenges", "model": "challenge"}}, {"model": "contenttypes.contenttype", "pk": 8, "fields": {"app_label": "challenges", "model": "hint"}}, {"model": "contenttypes.contenttype", "pk": 9, "fields": {"app_label": "playground", "model": "testing"}}, {"model": "contenttypes.contenttype", "pk": 10, "fields": {"app_label": "loginSignup", "model": "customuser"}}, {"model": "contenttypes.contenttype", "pk": 11, "fields": {"app_label": "wolfIncorporated", "model": "lonewolfuser"}}, {"model": "contenttypes.contenttype", "pk": 12, "fields": {"app_label": "wolfIncorporated", "model": "fellowemployee"}}, {"model": "contenttypes.contenttype", "pk": 13, "fields": {"app_label": "wolfIncorporated", "model": "email"}}, {"model": "contenttypes.contenttype", "pk": 14, "fields": {"app_label": "achievements", "model": "achievements"}}, {"model": "contenttypes.contenttype", "pk": 15, "fields": {"app_label": "customAdmin", "model": "assignmentdates"}}, {"model": "sessions.session", "pk": "i78k8qp28x1ethiu4egabeavy5r3v3tn", "fields": {"session_data": ".eJxVjMsOwiAURP-FtSE8RKhL9_2G5sJcpGog6WNl_HfbpAvN7OacmbcYaF3KsM48DSPEVRhx-u0ipSfXHeBB9d5kanWZxih3RR50ln0Dv26H-3dQaC7bOrCBh0mwKjuPfLZMnebA0bJKGV4HB7Bn5xTlpK0iCvbCQLcFWXy-FDk5jg:1m4Nt4:JkxB2LpbNGzRJuG_yH6fI4HcUK4qvhPinHePjm7ifKA", "expire_date": "2021-07-30T13:28:18.948Z"}}, {"model": "sessions.session", "pk": "lbjmrt7zz750hgshbbrc9h7cdi47x9b1", "fields": {"session_data": ".eJxVjEEOwiAQRe_C2hCmhQIu3XsGMsOAVA0kpV0Z765NutDtf-_9lwi4rSVsPS1hZnEWIE6_G2F8pLoDvmO9NRlbXZeZ5K7Ig3Z5bZyel8P9OyjYy7c2owIPY_QRjWblIMNAyTpGxmlyY4RI2WrNhKhMstlrAjIDW-VtAiXeH999N_A:1m463q:shCmxZyIEfnGA5QrlpbWvkvaqt0xOhGZJYeQGKGy1ng", "expire_date": "2021-07-29T18:26:14.449Z"}}, {"model": "sessions.session", "pk": "tv4tvt2yacojzemsf1sp4y4s5uzjn59k", "fields": {"session_data": ".eJxVjEEOwiAQRe_C2hCmhQIu3XsGMsOAVA0kpV0Z765NutDtf-_9lwi4rSVsPS1hZnEWIE6_G2F8pLoDvmO9NRlbXZeZ5K7Ig3Z5bZyel8P9OyjYy7c2owIPY_QRjWblIMNAyTpGxmlyY4RI2WrNhKhMstlrAjIDW-VtAiXeH999N_A:1m4Nsu:FuausXR5UvfDwmLOOsmcyzK7a-0s9-EVJLV9lMt7eMA", "expire_date": "2021-07-30T13:28:08.185Z"}}, {"model": "challenges.challenge", "pk": 1, "fields": {"flag": "password", "title": "Level 0", "description": "You dare try to hack me!? You will never be able to!", "order": 0, "templateValue": 0, "hidden": false, "pointValue": 10, "optionalChallenge": false, "difficultyIndicator": "Easy", "challengeSeries": "", "totalIncorrectGuesses": 0, "numberOfUsersOnThisChallenge": 0}}, {"model": "challenges.challenge", "pk": 2, "fields": {"flag": "FJKLDAS$@*()789fds", "title": "Level 1", "description": "I admit, that first one was terrible security. This one isn't nearly as terrible.", "order": 1, "templateValue": 1, "hidden": false, "pointValue": 10, "optionalChallenge": false, "difficultyIndicator": "Easy", "challengeSeries": "", "totalIncorrectGuesses": 0, "numberOfUsersOnThisChallenge": 0}}, {"model": "challenges.challenge", "pk": 3, "fields": {"flag": "0iL2oV4eH6aC8kI10nG", "title": "Level 2", "description": "HA! Javascript will help me here! Good luck with this one little pest!", "order": 2, "templateValue": 2, "hidden": false, "pointValue": 10, "optionalChallenge": false, "difficultyIndicator": "Easy", "challengeSeries": "", "totalIncorrectGuesses": 0, "numberOfUsersOnThisChallenge": 0}}, {"model": "challenges.challenge", "pk": 4, "fields": {"flag": "@UK#K3ir3i2dsa", "title": "Level 3", "description": "Fine. Fine. Fine. I get it. Keeping it offsite would be a much better idea they told me. I'll do that.", "order": 3, "templateValue": 3, "hidden": false, "pointValue": 10, "optionalChallenge": false, "difficultyIndicator": "Easy", "challengeSeries": "", "totalIncorrectGuesses": 0, "numberOfUsersOnThisChallenge": 0}}, {"model": "challenges.challenge", "pk": 5, "fields": {"flag": "T/E))2n-_-0!cj4--H*0?", "title": "Level 4", "description": "Do you not know who I am!? Leave me and my site alone! Offsite obviously didn't work. I'm using Javascript again.", "order": 4, "templateValue": 4, "hidden": false, "pointValue": 10, "optionalChallenge": false, "difficultyIndicator": "Easy", "challengeSeries": "Easy", "totalIncorrectGuesses": 0, "numberOfUsersOnThisChallenge": 0}}, {"model": "challenges.challenge", "pk": 6, "fields": {"flag": "D0gI2qF4aO6", "title": "Level 5", "description": "I guess I underestimated just who YOU were. You ever think what would happen if I was hacking you at the same time? Mwahaha. Anyways, I moved it out of the html, having it be served by the server instead. Good luck lol.", "order": 5, "templateValue": 5, "hidden": false, "pointValue": 10, "optionalChallenge": false, "difficultyIndicator": "Easy", "challengeSeries": "", "totalIncorrectGuesses": 0, "numberOfUsersOnThisChallenge": 0}}, {"model": "challenges.challenge", "pk": 7, "fields": {"flag": "@U/*D4(DV}wT{F`e", "title": "Level 6", "description": "Forgive me if I seem neglectful now. I have... other tasks at hand. I just quickly implemented a sign in form instead. Sign in, gives password. Seems a little redundant for me to remember a password but oh well.", "order": 6, "templateValue": 6, "hidden": false, "pointValue": 10, "optionalChallenge": false, "difficultyIndicator": "Easy", "challengeSeries": "", "totalIncorrectGuesses": 0, "numberOfUsersOnThisChallenge": 0}}, {"model": "challenges.challenge", "pk": 8, "fields": {"flag": "/D3<]3v34Q3H,tDn", "title": "Level 7", "description": "Hmmm... I think you could actually be handy to me. Use White Box and find the flags and submit them to me. Thank you kindly.", "order": 7, "templateValue": 7, "hidden": false, "pointValue": 10, "optionalChallenge": false, "difficultyIndicator": "Easy", "challengeSeries": "", "totalIncorrectGuesses": 0, "numberOfUsersOnThisChallenge": 0}}, {"model": "challenges.challenge", "pk": 9, "fields": {"flag": "1a2s3d4f5g6h7j8k9l", "title": "Level 8", "description": "Good. Good. There are more security flaws. Find it.", "order": 8, "templateValue": 8, "hidden": false, "pointValue": 10, "optionalChallenge": false, "difficultyIndicator": "Easy", "challengeSeries": "", "totalIncorrectGuesses": 0, "numberOfUsersOnThisChallenge": 0}}, {"model": "challenges.challenge", "pk": 10, "fields": {"flag": "er4w{^a=Z,dGeyF=", "title": "Level 9", "description": "You have potential, kid. Imma let you in on a little secret.", "order": 9, "templateValue": 9, "hidden": false, "pointValue": 10, "optionalChallenge": false, "difficultyIndicator": "Moderate", "challengeSeries": "", "totalIncorrectGuesses": 0, "numberOfUsersOnThisChallenge": 0}}, {"model": "challenges.challenge", "pk": 11, "fields": {"flag": "RARW101010RKDFJLS", "title": "Level 10", "description": "They think themselves so safe. Could you kindly get an admin's email and password for me?", "order": 10, "templateValue": 10, "hidden": false, "pointValue": 10, "optionalChallenge": false, "difficultyIndicator": "Moderate", "challengeSeries": "", "totalIncorrectGuesses": 0, "numberOfUsersOnThisChallenge": 0}}, {"model": "challenges.challenge", "pk": 12, "fields": {"flag": "mYCaBbageS!", "title": "Cryptology part i.", "description": "This is designed to get a little experience with Cryptology. Thus this one is fairly easy. The hash was performed by shifting all letters 4 over", "order": 15, "templateValue": 11, "hidden": false, "pointValue": 10, "optionalChallenge": false, "difficultyIndicator": "Hard", "challengeSeries": "", "totalIncorrectGuesses": 0, "numberOfUsersOnThisChallenge": 0}}, {"model": "challenges.challenge", "pk": 13, "fields": {"flag": "YouAreAnAdminNow77@^</>", "title": "Cross Site Scripting", "description": "We need you to find a way to become an admin for the very man you were working for and end him. He is evil. You helped him. Our intel tells us there is a single way for this to be done. Good luck.", "order": 16, "templateValue": 12, "hidden": false, "pointValue": 10, "optionalChallenge": false, "difficultyIndicator": "Hard", "challengeSeries": "", "totalIncorrectGuesses": 0, "numberOfUsersOnThisChallenge": 0}}, {"model": "challenges.challenge", "pk": 14, "fields": {"flag": "congratulations on decrypting this!", "title": "Cryptology Challenge", "description": "Below is a paragraph that has been encrypted. Solve it", "order": 17, "templateValue": 13, "hidden": false, "pointValue": 10, "optionalChallenge": false, "difficultyIndicator": "Hard", "challengeSeries": "", "totalIncorrectGuesses": 0, "numberOfUsersOnThisChallenge": 0}}, {"model": "challenges.challenge", "pk": 15, "fields": {"flag": "#CH**O#SEN_#^%ON--=E", "title": "Lone Wolf Part 1", "description": "Your challenge is to break into a website called Lone Wolf (link down below) and shut it down. End their company for me.", "order": 11, "templateValue": 14, "hidden": false, "pointValue": 10, "optionalChallenge": false, "difficultyIndicator": "Moderate", "challengeSeries": "LoneWolf", "totalIncorrectGuesses": 0, "numberOfUsersOnThisChallenge": 0}}, {"model": "challenges.challenge", "pk": 16, "fields": {"flag": "DO!ITSTRI#^KETH445ESE*RV^ERD#@OWN", "title": "Lone Wolf Part 2", "description": "Your challenge is to break into a website called Lone Wolf (link down below) and shut it down. End their company for me.", "order": 12, "templateValue": 16, "hidden": false, "pointValue": 10, "optionalChallenge": false, "difficultyIndicator": "Moderate", "challengeSeries": "LoneWolf", "totalIncorrectGuesses": 0, "numberOfUsersOnThisChallenge": 0}}, {"model": "challenges.challenge", "pk": 17, "fields": {"flag": "Y2OU!@MONSdsTER%^", "title": "Lone Wolf Part 3", "description": "Your challenge is to break into a website called Lone Wolf (link down below) and shut it down. End their company for me.", "order": 13, "templateValue": 17, "hidden": false, "pointValue": 10, "optionalChallenge": false, "difficultyIndicator": "Moderate", "challengeSeries": "LoneWolf", "totalIncorrectGuesses": 0, "numberOfUsersOnThisChallenge": 0}}, {"model": "challenges.hint", "pk": 1, "fields": {"challenge": 1, "hint": "HTML"}}, {"model": "challenges.hint", "pk": 2, "fields": {"challenge": 1, "hint": "Browser Developer Tools"}}, {"model": "challenges.hint", "pk": 3, "fields": {"challenge": 2, "hint": "HTML"}}, {"model": "challenges.hint", "pk": 4, "fields": {"challenge": 2, "hint": "Browser Developer Tools"}}, {"model": "challenges.hint", "pk": 5, "fields": {"challenge": 3, "hint": "HTML"}}, {"model": "challenges.hint", "pk": 6, "fields": {"challenge": 3, "hint": "Javascript Functions"}}, {"model": "challenges.hint", "pk": 7, "fields": {"challenge": 3, "hint": "Browser Developer Tools"}}, {"model": "challenges.hint", "pk": 8, "fields": {"challenge": 4, "hint": "HTTP Request Headers"}}, {"model": "challenges.hint", "pk": 9, "fields": {"challenge": 5, "hint": "Developer Tools"}}, {"model": "challenges.hint", "pk": 10, "fields": {"challenge": 6, "hint": "HTML"}}, {"model": "challenges.hint", "pk": 11, "fields": {"challenge": 6, "hint": "Javascript Functions"}}, {"model": "challenges.hint", "pk": 12, "fields": {"challenge": 6, "hint": "Browser Developer Tools"}}, {"model": "challenges.hint", "pk": 13, "fields": {"challenge": 6, "hint": "HTML Forms"}}, {"model": "challenges.hint", "pk": 14, "fields": {"challenge": 6, "hint": "Website URL Routing"}}, {"model": "challenges.hint", "pk": 15, "fields": {"challenge": 7, "hint": "HTML"}}, {"model": "challenges.hint", "pk": 16, "fields": {"challenge": 7, "hint": "Javascript Functions"}}, {"model": "challenges.hint", "pk": 17, "fields": {"challenge": 7, "hint": "Browser Developer Tools"}}, {"model": "challenges.hint", "pk": 18, "fields": {"challenge": 7, "hint": "HTML Forms"}}, {"model": "challenges.hint", "pk": 19, "fields": {"challenge": 7, "hint": "GET/POST Request/Response"}}, {"model": "challenges.hint", "pk": 20, "fields": {"challenge": 8, "hint": "HTML"}}, {"model": "challenges.hint", "pk": 21, "fields": {"challenge": 8, "hint": "Javascript Functions"}}, {"model": "challenges.hint", "pk": 22, "fields": {"challenge": 8, "hint": "Browser Developer Tools"}}, {"model": "challenges.hint", "pk": 23, "fields": {"challenge": 8, "hint": "HTML Forms"}}, {"model": "challenges.hint", "pk": 24, "fields": {"challenge": 8, "hint": "GET/POST Request/Response"}}, {"model": "challenges.hint", "pk": 25, "fields": {"challenge": 8, "hint": "Unsanitized input"}}, {"model": "challenges.hint", "pk": 26, "fields": {"challenge": 8, "hint": "Unix list and read commands... meow"}}, {"model": "challenges.hint", "pk": 27, "fields": {"challenge": 8, "hint": "Hidden Files"}}, {"model": "challenges.hint", "pk": 28, "fields": {"challenge": 9, "hint": "HTML"}}, {"model": "challenges.hint", "pk": 29, "fields": {"challenge": 9, "hint": "Javascript Functions"}}, {"model": "challenges.hint", "pk": 30, "fields": {"challenge": 9, "hint": "Browser Developer Tools"}}, {"model": "challenges.hint", "pk": 31, "fields": {"challenge": 9, "hint": "HTML Forms"}}, {"model": "challenges.hint", "pk": 32, "fields": {"challenge": 9, "hint": "GET/POST Request/Response"}}, {"model": "challenges.hint", "pk": 33, "fields": {"challenge": 9, "hint": "Unsanitized input"}}, {"model": "challenges.hint", "pk": 34, "fields": {"challenge": 9, "hint": "Unix list and read commands... meow"}}, {"model": "challenges.hint", "pk": 35, "fields": {"challenge": 9, "hint": "Hidden Files"}}, {"model": "challenges.hint", "pk": 36, "fields": {"challenge": 10, "hint": "HTML"}}, {"model": "challenges.hint", "pk": 37, "fields": {"challenge": 10, "hint": "Javascript Functions"}}, {"model": "challenges.hint", "pk": 38, "fields": {"challenge": 10, "hint": "Browser Developer Tools"}}, {"model": "challenges.hint", "pk": 39, "fields": {"challenge": 10, "hint": "HTML Forms"}}, {"model": "challenges.hint", "pk": 40, "fields": {"challenge": 10, "hint": "GET/POST Request/Response"}}, {"model": "challenges.hint", "pk": 41, "fields": {"challenge": 10, "hint": "Unsanitized input"}}, {"model": "challenges.hint", "pk": 42, "fields": {"challenge": 10, "hint": "Unix list and read commands... meow"}}, {"model": "challenges.hint", "pk": 43, "fields": {"challenge": 10, "hint": "Hidden Files"}}, {"model": "challenges.hint", "pk": 44, "fields": {"challenge": 10, "hint": "Cookies"}}, {"model": "challenges.hint", "pk": 45, "fields": {"challenge": 10, "hint": "Hackers often take advantage of already known vulnerabilities. Have you seen code you haven't used?"}}, {"model": "challenges.hint", "pk": 46, "fields": {"challenge": 11, "hint": "Brute Force Attacks"}}, {"model": "challenges.hint", "pk": 47, "fields": {"challenge": 11, "hint": "Fetch Commands in Javascript"}}, {"model": "challenges.hint", "pk": 48, "fields": {"challenge": 12, "hint": "Basic Effort"}}, {"model": "challenges.hint", "pk": 49, "fields": {"challenge": 13, "hint": "Cross Site Scripting"}}, {"model": "challenges.hint", "pk": 50, "fields": {"challenge": 14, "hint": "Code Breaking Skills"}}, {"model": "challenges.hint", "pk": 51, "fields": {"challenge": 14, "hint": "Tenacity."}}, {"model": "challenges.hint", "pk": 52, "fields": {"challenge": 14, "hint": "Think about the most common letters in the alphabet and look for letters that are repeating often. Those are probably the most common letters"}}, {"model": "challenges.hint", "pk": 53, "fields": {"challenge": 14, "hint": "Don't be afraid to guess. The decryption of the flag and text both are recognizable English, so as you start narrowing things down, it should become easier and easier"}}, {"model": "playground.testing", "pk": 1, "fields": {"description": "This is a test from the database!", "date": "2021-07-15", "completed": false}}, {"model": "loginSignup.customuser", "pk": 1, "fields": {"numChallenges": 17, "completedChallenges": 12, "challenges": "[{\"challenge0\": \"0\", \"hidden\": \"false\", \"completed\": \"true\"}, {\"challenge1\": \"1\", \"hidden\": \"false\", \"completed\": \"true\"}, {\"challenge2\": \"2\", \"hidden\": \"false\", \"completed\": \"true\"}, {\"challenge3\": \"3\", \"hidden\": \"false\", \"completed\": \"true\"}, {\"challenge4\": \"4\", \"hidden\": \"false\", \"completed\": \"true\"}, {\"challenge5\": \"5\", \"hidden\": \"false\", \"completed\": \"true\"}, {\"challenge6\": \"6\", \"hidden\": \"false\", \"completed\": \"true\"}, {\"challenge7\": \"7\", \"hidden\": \"false\", \"completed\": \"true\"}, {\"challenge8\": \"8\", \"hidden\": \"false\", \"completed\": \"true\"}, {\"challenge9\": \"9\", \"hidden\": \"false\", \"completed\": \"true\"}, {\"challenge10\": \"10\", \"hidden\": \"false\", \"completed\": \"true\"}, {\"challenge11\": \"11\", \"hidden\": \"false\", \"completed\": \"true\"}, {\"challenge12\": \"12\", \"hidden\": \"false\", \"completed\": \"false\"}, {\"challenge13\": \"13\", \"hidden\": \"true\", \"completed\": \"false\"}, {\"challenge14\": \"14\", \"hidden\": \"true\", \"completed\": \"false\"}, {\"challenge15\": \"15\", \"hidden\": \"true\", \"completed\": \"false\"}, {\"challenge16\": \"16\", \"hidden\": \"true\", \"completed\": \"false\"}]", "user": 2, "admin": false, "first_name": "Ryan", "last_name": "Anderson", "customText": "Look at who is too cool for flavor text or something! Psh! (Ironically, this is your flavor text", "numTotalIncorrectGuesses": 0, "incorrectPerChallenge": "[{\"challenge0\": \"0\", \"numberIncorrect\": \"0\"}, {\"challenge1\": \"1\", \"numberIncorrect\": \"0\"}, {\"challenge2\": \"2\", \"numberIncorrect\": \"0\"}, {\"challenge3\": \"3\", \"numberIncorrect\": \"0\"}, {\"challenge4\": \"4\", \"numberIncorrect\": \"0\"}, {\"challenge5\": \"5\", \"numberIncorrect\": \"0\"}, {\"challenge6\": \"6\", \"numberIncorrect\": \"0\"}, {\"challenge7\": \"7\", \"numberIncorrect\": \"0\"}, {\"challenge8\": \"8\", \"numberIncorrect\": \"0\"}, {\"challenge9\": \"9\", \"numberIncorrect\": \"0\"}, {\"challenge10\": \"10\", \"numberIncorrect\": \"0\"}, {\"challenge11\": \"11\", \"numberIncorrect\": \"0\"}, {\"challenge12\": \"12\", \"numberIncorrect\": \"0\"}, {\"challenge13\": \"13\", \"numberIncorrect\": \"0\"}, {\"challenge14\": \"14\", \"numberIncorrect\": \"0\"}, {\"challenge15\": \"15\", \"numberIncorrect\": \"0\"}, {\"challenge16\": \"16\", \"numberIncorrect\": \"0\"}]", "achievements": "[\"2 down\", \"3 down\", \"Breathtaking\", \"Phenomenal\", \"Unstoppable\", \"Unforgettable\", \"Ascended\", \"2 down\", \"3 down\", \"Breathtaking\"]", "correctInARow": 12}}, {"model": "wolfIncorporated.lonewolfuser", "pk": 1, "fields": {"serverIsRunning": true, "username": "fdsa", "user": 2, "isServerDeleted": false, "last_name": "Anderson"}}, {"model": "wolfIncorporated.fellowemployee", "pk": 1, "fields": {"admin": false, "username": "Eris-Morn", "loneWolfUser": 1, "first_name": "Eris", "last_name": "Morn", "cookie": "AA77Eris&*(FDSIJFSD?__)Morn"}}, {"model": "wolfIncorporated.fellowemployee", "pk": 2, "fields": {"admin": false, "username": "Doom-Morgan", "loneWolfUser": 1, "first_name": "Doom", "last_name": "Morgan", "cookie": "AA77Doom&*(FDSIJFSD?__)Morgan"}}, {"model": "wolfIncorporated.fellowemployee", "pk": 3, "fields": {"admin": false, "username": "Itadori-Skywalker", "loneWolfUser": 1, "first_name": "Itadori", "last_name": "Skywalker", "cookie": "AA77Itadori&*(FDSIJFSD?__)Skywalker"}}, {"model": "wolfIncorporated.fellowemployee", "pk": 4, "fields": {"admin": false, "username": "Cortana-Williams", "loneWolfUser": 1, "first_name": "Cortana", "last_name": "Williams", "cookie": "AA77Cortana&*(FDSIJFSD?__)Williams"}}, {"model": "wolfIncorporated.fellowemployee", "pk": 5, "fields": {"admin": false, "username": "Emily-Smith", "loneWolfUser": 1, "first_name": "Emily", "last_name": "Smith", "cookie": "AA77Emily&*(FDSIJFSD?__)Smith"}}, {"model": "wolfIncorporated.fellowemployee", "pk": 6, "fields": {"admin": false, "username": "Cayde-Mir", "loneWolfUser": 1, "first_name": "Cayde", "last_name": "Mir", "cookie": "AA77Cayde&*(FDSIJFSD?__)Mir"}}, {"model": "wolfIncorporated.fellowemployee", "pk": 7, "fields": {"admin": false, "username": "Tanjiro-Jarvis", "loneWolfUser": 1, "first_name": "Tanjiro", "last_name": "Jarvis", "cookie": "AA77Tanjiro&*(FDSIJFSD?__)Jarvis"}}, {"model": "wolfIncorporated.fellowemployee", "pk": 8, "fields": {"admin": false, "username": "James-Anderson", "loneWolfUser": 1, "first_name": "James", "last_name": "Anderson", "cookie": "AA77James&*(FDSIJFSD?__)Anderson"}}, {"model": "wolfIncorporated.fellowemployee", "pk": 9, "fields": {"admin": false, "username": "Taylor-Baggins", "loneWolfUser": 1, "first_name": "Taylor", "last_name": "Baggins", "cookie": "AA77Taylor&*(FDSIJFSD?__)Baggins"}}, {"model": "wolfIncorporated.fellowemployee", "pk": 10, "fields": {"admin": false, "username": "Jeff-Strange", "loneWolfUser": 1, "first_name": "Jeff", "last_name": "Strange", "cookie": "AA77Jeff&*(FDSIJFSD?__)Strange"}}, {"model": "wolfIncorporated.fellowemployee", "pk": 11, "fields": {"admin": false, "username": "Ryan-Bray", "loneWolfUser": 1, "first_name": "Ryan", "last_name": "Bray", "cookie": "AA77Ryan&*(FDSIJFSD?__)Bray"}}, {"model": "wolfIncorporated.fellowemployee", "pk": 12, "fields": {"admin": false, "username": "Nezuko-Stark", "loneWolfUser": 1, "first_name": "Nezuko", "last_name": "Stark", "cookie": "AA77Nezuko&*(FDSIJFSD?__)Stark"}}, {"model": "wolfIncorporated.fellowemployee", "pk": 13, "fields": {"admin": true, "username": "Sauron", "loneWolfUser": 1, "first_name": "Sauron", "last_name": "The Conquerer", "cookie": "dOn$eRiAngToRuleTD%7h@emAllSaur*onRu-les"}}, {"model": "wolfIncorporated.email", "pk": 6, "fields": {"loneWolfUser": 1, "content": "Welcome to Lone Wolf, Ryan! Our Dev team just barely enabled support for limited script tags to work through email! Check it out! <div onmouseover=alert(\"Yay!\")> We are glad to have you! </div>", "sender": "Sauron The Conquerer", "image": "images/sauron.jpeg", "subjectLine": "Welcome to the company!"}}, {"model": "achievements.achievements", "pk": 1, "fields": {"title": "Flawless", "description": "You completed these without a single incorrect answer. That is amazing.", "achievementIcon": "Flawless.PNG"}}, {"model": "achievements.achievements", "pk": 2, "fields": {"title": "Completion", "description": "You finished! Congratulations!", "achievementIcon": "Completion.PNG"}}, {"model": "achievements.achievements", "pk": 3, "fields": {"title": "Early Bird", "description": "Start the hacking challenge within 1.5 weeks of the due date.", "achievementIcon": "EarlyBird.PNG"}}, {"model": "achievements.achievements", "pk": 4, "fields": {"title": "Class First", "description": "Complete the assignment first in class", "achievementIcon": "ClassFirst.PNG"}}, {"model": "achievements.achievements", "pk": 5, "fields": {"title": "Class Second", "description": "Complete the assignment second in class", "achievementIcon": "ClassSecond.PNG"}}, {"model": "achievements.achievements", "pk": 6, "fields": {"title": "Class Third", "description": "Complete the assignment third in class", "achievementIcon": "ClassThird.PNG"}}, {"model": "achievements.achievements", "pk": 7, "fields": {"title": "Playing With Fire", "description": "Complete the assignment within 3 hours of the due date", "achievementIcon": "PlayingWithFire.PNG"}}, {"model": "achievements.achievements", "pk": 8, "fields": {"title": "2 down", "description": "Complete 2 in a row without mistake", "achievementIcon": "2Down.PNG"}}, {"model": "achievements.achievements", "pk": 9, "fields": {"title": "3 down", "description": "Complete 3 in a row without mistake", "achievementIcon": "3Down.PNG"}}, {"model": "achievements.achievements", "pk": 10, "fields": {"title": "Breathtaking", "description": "Complete 4 in a row without mistake", "achievementIcon": "Breathtaking.PNG"}}, {"model": "achievements.achievements", "pk": 11, "fields": {"title": "Phenomenal", "description": "Complete 5 in a row without mistake", "achievementIcon": "Phenomenal.png"}}, {"model": "achievements.achievements", "pk": 12, "fields": {"title": "Unstoppable", "description": "Complete 6 in a row without mistake", "achievementIcon": "Upstoppable.PNG"}}, {"model": "achievements.achievements", "pk": 13, "fields": {"title": "Unforgettable", "description": "Complete 7 in a row without mistake", "achievementIcon": "Unforgettable.PNG"}}, {"model": "achievements.achievements", "pk": 14, "fields": {"title": "Ascended", "description": "Complete 8 in a row without mistake", "achievementIcon": "Ascended.PNG"}}, {"model": "achievements.achievements", "pk": 15, "fields": {"title": "Golden Eye", "description": "Complete the assignment with under 20 incorrect guesses", "achievementIcon": "GoldenEye.PNG"}}, {"model": "achievements.achievements", "pk": 16, "fields": {"title": "Dead Eye", "description": "Complete the assignment with under 60 incorrect guesses", "achievementIcon": "DeadEye.PNG"}}, {"model": "achievements.achievements", "pk": 17, "fields": {"title": "Committed", "description": "Complete the assignment with over 150 incorrect guesses", "achievementIcon": "Committed.PNG"}}, {"model": "achievements.achievements", "pk": 18, "fields": {"title": "Tenacious", "description": "Complete the assignment with over 200 incorrect guesses", "achievementIcon": "Tenacious.PNG"}}, {"model": "achievements.achievements", "pk": 19, "fields": {"title": "Bot Status", "description": "Complete the assignment with over 277 incorrect guesses", "achievementIcon": ""}}, {"model": "achievements.achievements", "pk": 20, "fields": {"title": "You Okay Bro?", "description": "Have over 250 incorrect guesses", "achievementIcon": "UOKBro.PNG"}}]